question,answer,question_type,page
Ergenekon Destanı'nda Kıyan ve Tukuz'un Ergenekon'a gelmelerine sebep olan olay nedir?,"İlhan'ın küçük oğlu Kıyan, düşmanlarından kaçarken eşi, yeğeni Tukuz ve onun eşiyle birlikte Ergenekon'a sığınmıştır.",Nedensel,51
Ergenekon adı ne anlama gelmektedir ve nasıl oluşturulmuştur?,"Ergenekon adı, dağın doruğu anlamına gelen ""dağ kemeri"" manasındaki ""ergene"" kelimesi ile ""dik"" anlamındaki ""kon"" kelimesinin birleştirilmesiyle oluşturulmuştur.",Olgusal,51
Ergenekon'da bulundukları süre içerisinde Kıyan ve Tukuz'un halkı nasıl bir değişim göstermiştir?,Dört yüz yıl sonra Kıyan ve Tukuz'un oğulları ve sürüleri o kadar çoğalmışlardır ki Ergenekon'a sığamaz hale gelmişlerdir.,Çıkarımsal,51
Ergenekon'dan çıkış yolu nasıl bulunmuştur ve bu süreçte kimin önerisi etkili olmuştur?,"Bir demirci, dağın demir kısmının eritilerek bir geçidin açılabileceğini söylemiştir. Bu öneri üzerine demir eritilerek Ergenekon'dan çıkış yolu bulunmuştur.",Yöntemsel,51
Ergenekon'dan çıkış günü olan 21 Mart'ın Türkler için önemi nedir?,"Ergenekon'dan çıktıkları gün olan 21 Mart, Türkler tarafından her yıl bayram olarak kutlanmaktadır.",Bağlamsal,51
Ergenekon Destanı'nda bahsedilen coğrafi özellikler nelerdir?,"Ergenekon Destanı'nda yüksek dağlar, dar geçitler, akarsular, pınarlar, çeşitli bitkiler, çayırlar, meyve ağaçları ve çeşitli avların bulunduğu bir yerleşim yeri gibi coğrafi özelliklerden bahsedilmektedir.",Listeleme,51
Ergenekon'dan çıkışta demirin eritilmesi için hangi malzemeler kullanılmıştır?,"Demirin eritilmesi için bir sıra odun, bir sıra kömür kullanılmıştır.",Olgusal,51
Ergenekon Destanı'nın temel teması nedir?,"Ergenekon Destanı'nın temel teması, zor durumdan kurtuluş, yeniden güçlenme ve eski yurtlara geri dönüştür.",Özetleme,51
Türklerin Ergenekon'dan çıktıktan sonraki ilk eylemleri neler olmuştur?,Türkler Ergenekon'dan çıktıktan sonra eski yurtlarına dönmüşler ve düşmanlarını mağlup etmişlerdir.,Olgusal,51
"Ergenekon'dan çıkışı sağlayan demirci olmasaydı, Türklerin Ergenekon'dan çıkışı nasıl etkilenirdi?","Eğer demirci olmasaydı, Türklerin Ergenekon'dan çıkışı büyük ihtimalle çok daha uzun sürer veya hiç gerçekleşmeyebilirdi. Bu da Türklerin tarihini önemli ölçüde değiştirebilirdi.",Varsayımsal,51
Ergenekon Destanı'nda bahsedilen 'yabani koyunların yürüdüğü yol' ifadesi ne anlama gelebilir?,"Bu ifade, Ergenekon'a ulaşmak için kullanılan doğal ve zorlu bir geçidi tanımlamaktadır. Koyunların bu yolu kullanması, geçidin insan yerleşimi için uygun olmadığını, ancak hayatta kalmak için bir umut sunduğunu gösterir.",Analitik,51
Ergenekon Destanı'nın Türk mitolojisindeki önemi nedir?,"Ergenekon Destanı, Türklerin kökenleri, zorluklar karşısında gösterdikleri dayanıklılık ve yeniden doğuş gibi önemli temaları içerdiği için Türk mitolojisinde önemli bir yere sahiptir.",Kavramsal,51
Ergenekon Destanı'nda anlatılan olayların günümüzdeki Türk dünyası üzerindeki etkileri nelerdir?,"Ergenekon Destanı, Türk dünyasında birlik ve beraberlik duygusunu pekiştirmekte, kültürel kimliğin korunmasına katkı sağlamakta ve 21 Mart'ta kutlanan Nevruz Bayramı ile yaşatılmaktadır.",Yansıtıcı,51
Ergenekon'dan çıkışın 21 Mart'ta kutlanmasının sembolik anlamı nedir?,"21 Mart, baharın başlangıcı ve doğanın yeniden canlanmasıdır. Ergenekon'dan çıkışın bu tarihte kutlanması, Türklerin yeniden doğuşunu, umudu ve yeni başlangıçları simgelemektedir.",Analitik,51
Ergenekon Destanı'nın diğer Türk destanlarıyla ortak özellikleri var mıdır?,"Evet, Ergenekon Destanı diğer Türk destanlarıyla kahramanlık, zorluklarla mücadele, doğa ile uyum ve yeniden doğuş gibi ortak özelliklere sahiptir.",Analitik,51
Asya Hun ve Göktürk devletleri döneminde günlük yaşam nasıldır?,"Göçebe bir yaşam süreriz. Hayvancılıkla uğraşır, otlaklar peşinde sürekli hareket ederiz. Aile bağlarımız kuvvetlidir ve obalar halinde yaşarız.",Olgusal,52
Asya Hun ve Göktürk devletleri döneminde çevrenizde hangi ekonomik faaliyetler yapılmaktadır?,"Başlıca ekonomik faaliyetimiz hayvancılıktır. Koyun, keçi, at gibi hayvanlar yetiştiririz. Ayrıca demircilik ve madencilik de önemli geçim kaynaklarımızdandır. Ticaret de yaparız, özellikle Çin ile.",Olgusal,52
Asya Hun ve Göktürk devletleri döneminde ulaşımınızı hangi araçlarla sağlıyorsunuz?,En önemli ulaşım aracımız attır. Atlar sayesinde uzun mesafeleri kısa sürede kat edebiliriz. Ayrıca öküz arabaları da yük taşımacılığında kullanılır.,Olgusal,52
Asya Hun ve Göktürk devletleri döneminde başlıca yiyecek ve içecekleriniz nelerdir?,Et ve süt ürünleri temel besin kaynaklarımızdır. Kımız (fermente edilmiş kısrak sütü) en sevdiğimiz içecektir. Ayrıca darı ve buğdaydan yapılan yiyecekler de tüketiriz.,Olgusal,52
Asya Hun ve Göktürk devletleri döneminde evinizin özellikleri nelerdir?,Genellikle keçe çadırlarda (yurt) yaşarız. Bu çadırlar kolayca sökülüp taşınabilir. İçinde ocak bulunur ve eşyalarımızı saklamak için sandıklar kullanırız.,Olgusal,52
Asya Hun ve Göktürk devletleri döneminde hangi bayramları kutluyor ve bu bayramlarda ne tür kutlamalar yapıyorsunuz?,"En önemli bayramımız Nevruz'dur (bahar bayramı). Bu bayramda ateş yakar, üzerinden atlar, çeşitli oyunlar oynar ve şenlikler düzenleriz. At yarışları ve güreş müsabakaları da yapılır.",Olgusal,52
Asya Hun ve Göktürk devletleri döneminde devletimizin komşu devletlerle ilişkileri nasıldır?,"Genellikle Çin ile mücadele halindeyiz. Zaman zaman onlarla savaşır, zaman zaman da ticaret yaparız. Diğer komşu devletlerle de ilişkilerimiz inişli çıkışlıdır.",Olgusal,52
Asya Hun ve Göktürk devletlerindeki ekonomik faaliyetlerin göçebe yaşam tarzını nasıl etkilediğini açıklayın.,"Hayvancılığa dayalı ekonomi, sürekli otlak arayışını zorunlu kılar. Bu da göçebe yaşam tarzının temelini oluşturur. Mevsimlere göre hareket ederek hayvanlarımızı besler ve hayatta kalırız.",Analitik,52
Asya Hun ve Göktürk devletlerinin komşularıyla olan ilişkilerinde ticaretin rolü neydi?,"Ticaret, özellikle Çin ile olan ilişkilerimizde önemli bir rol oynardı. İhtiyaç duyduğumuz ürünleri (ipek, tahıl vb.) onlardan alırken, onlara da hayvan ve maden ürünleri satardık. Ancak bu ticaret zaman zaman siyasi gerginliklere de yol açabiliyordu.",Kavramsal,52
Asya Hun ve Göktürk toplumlarında atın önemi nedir ve bu önem günlük yaşamı nasıl etkiler?,"At, yaşamımızın vazgeçilmez bir parçasıdır. Hem ulaşım aracı olarak kullanılır, hem de savaşlarda bize yardımcı olur. At sayesinde uzun mesafeleri kısa sürede kat edebilir, düşmanlarımıza karşı daha hızlı hareket edebiliriz. Ayrıca at eti ve sütü de önemli besin kaynaklarımızdandır.",Kavramsal,52
Asya Hun ve Göktürk devletlerinin yıkılmasının günlük yaşam üzerindeki olası etkileri neler olabilirdi?,"Devletimizin yıkılması, güvenlik sorunlarına yol açabilirdi. Göçebe yaşam tarzımız tehlikeye girebilir, diğer devletlerin saldırılarına açık hale gelebilirdik. Ayrıca ekonomik olarak da zor durumda kalabilirdik.",Varsayımsal,52
Nevruz Bayramı'nın Asya Hun ve Göktürk toplumlarındaki anlamı nedir?,"Nevruz, baharın gelişini ve doğanın yeniden canlanmasını simgeler. Bu bayram, yeni bir başlangıcın ve umudun sembolüdür. Toplum olarak bir araya gelir, birlik ve beraberliğimizi pekiştiririz.",Kavramsal,52
Asya Hun ve Göktürklerde evlerin (yurtların) taşınabilir olmasının avantajları nelerdir?,Taşınabilir evler sayesinde göçebe yaşam tarzımıza uyum sağlayabiliriz. Otlaklar kuruduğunda veya hayvanlarımızın besin ihtiyacı değiştiğinde kolayca yer değiştirebiliriz. Ayrıca düşman saldırılarından korunmak için de hareketli olmak önemlidir.,Analitik,52
Asya Hun ve Göktürk toplumlarında hayvancılığın önemi ve bu faaliyetin sürdürülebilirliği için alınan önlemler nelerdi?,"Hayvancılık, ekonomimizin temelini oluşturur. Hayvanlarımızın sağlığını korumak ve otlakları verimli kullanmak için belirli kurallarımız vardır. Aşırı otlatmayı önlemek ve hayvanlarımızın su ihtiyacını karşılamak için çaba gösteririz.",Kavramsal,52
Asya Hun ve Göktürk devletlerinin komşu devletlerle olan ilişkilerindeki temel zorluklar nelerdi?,"En büyük zorluk, Çin ile olan rekabetimizdi. Onlar, tarım toplumu olarak yerleşik hayata geçmişlerdi ve biz göçebe bir toplumduk. Bu farklılık, siyasi ve ekonomik çıkarlarımızın çatışmasına neden oluyordu.",Analitik,52
Uygur Devleti ne zaman kurulmuştur?,"Uygur Devleti, 744 yılında Kutluk Bilge Kağan önderliğinde kurulmuştur.",Olgusal,53
Maniheizm dininin Uygurlar üzerindeki etkileri nelerdir?,"Maniheizm dininin etkisiyle Uygurlar yerleşik yaşama geçmişler, savaşçı ve mücadeleci özelliklerini yitirmeye başlamışlardır. Bu din et yemeyi ve savaşı yasaklamaktaydı.",Nedensel,53
Uygur Devleti'nin yıkılmasının nedenleri nelerdir?,Şiddetli geçen bir kış mevsiminin ardından büyük bir kuraklık yaşanması ve Kırgızların ani saldırısı Uygur Devleti'nin yıkılmasına neden olmuştur.,Nedensel,53
Uygurlar hangi Türk devletine bağlıydı?,"Uygurlar, II. Göktürk Devleti'ne bağlı bir Türk boyu idi.",Olgusal,53
Moyen-Çur'un Uygur Devleti'ne katkıları nelerdir?,"Moyen-Çur, dağınık haldeki Türk boylarını Uygur Devleti çatısı altında birleştirmiştir.",Olgusal,53
Uygur Devleti'nin sınırlarını genişleten kağanlar kimlerdir?,"Moyen-Çur ve Bögü Kağan, Çin'e başarılı seferler düzenleyerek Uygur Devleti'nin sınırlarını genişletmişlerdir.",Olgusal,53
Uygurların Asya Hun ve Göktürk devletlerinden farklı ekonomik ve kültürel özellikleri nelerdir?,"Uygurlar, Maniheizm'i kabul ederek yerleşik yaşama geçtiklerinden Asya Hun ve Göktürk devletlerinden farklı ekonomik ve kültürel özellikler göstermiştir. Konargöçer yaşamı terk ederek etrafı surlarla çevrili şehirler inşa etmişlerdir.",Analitik,53
Uygurlara ait kentlerde ne tür yapılar bulunmaktaydı?,"Uygurlara ait kentlerde saraylar, tapınaklar, evler ve çeşitli dükkânlar yer almaktaydı.",Listeleme,53
Uygur kentlerindeki yapılarda en çok hangi malzeme kullanılmıştır?,Uygur kentlerindeki yapılarda daha çok kerpiç kullanılmıştır.,Olgusal,53
Bögü Kağan döneminde Uygurların yaşamında ne gibi bir değişiklik olmuştur?,Bögü Kağan döneminde Uygurlar Maniheizm dinini kabul etmişlerdir. Bu dinin etkisiyle yerleşik hayata geçmişlerdir.,Nedensel,53
Uygurların yerleşik hayata geçmesinin sonuçları neler olmuştur?,"Uygurların yerleşik hayata geçmesi, savaşçı özelliklerini kaybetmelerine ve ekonomik-kültürel olarak diğer Türk devletlerinden farklılaşmalarına neden olmuştur.",Yansıtıcı,53
Uygur Devleti'nin coğrafi konumu hakkında ne söylenebilir?,"Harita 2.5'e göre Uygur Devleti, günümüzdeki Moğolistan ve çevresinde yer almaktaydı.",Bağlamsal,53
Uygur Devleti'nin bayrağı nasıldır?,Görsel 2.21'e bakılarak Uygur Devleti'nin bayrağının görseli incelenebilir.,Olgusal,53
"Uygurların yıkılmasaydı, Türk tarihinde nasıl bir farklılık olurdu?","Uygurların yıkılmaması durumunda, yerleşik hayata geçmiş bir Türk devletinin kültürel ve ekonomik etkileri daha uzun süreli olabilirdi. Türklerin İslamiyet'i kabulü de farklı bir şekilde gerçekleşebilirdi.",Varsayımsal,53
Uygur Devleti'nin temel karakteristik özellikleri nelerdir?,"Uygur Devleti, II. Göktürk Devleti'nden sonra kurulmuş, Maniheizm dinini benimsemiş, yerleşik hayata geçmiş ve kendine özgü şehirler inşa etmiş bir Türk devletidir.",Özetleme,53
Uygurlar Çin ile kurdukları ilişkiler sayesinde hangi gelişmeleri öğrenmişlerdir?,"Uygurlar, Çin ile kurdukları ticari ve kültürel ilişkiler sonucunda kâğıt ve matbaa gibi gelişmeleri öğrenmişlerdir.",Olgusal,54
Uygur alfabesi nasıl oluşturulmuştur?,"Uygurlar, Soğd alfabesini geliştirerek 18 harften oluşan Uygur alfabesini meydana getirmişlerdir.",Yöntemsel,54
Uygurların yerleşik hayata geçmesiyle hangi alanlarda önemli gelişmeler yaşanmıştır?,Uygurların yerleşik hayata geçmesiyle tarım ve el sanatlarında önemli gelişmeler kaydedilmiştir.,Olgusal,54
Uygurların hangi sanat dallarında eserleri bulunmaktadır?,"Uygurlar mimari, resim ve heykel gibi sanat dallarında eserler vermişlerdir.",Listeleme,54
Uygurların kendilerinden sonra kurulan Türk devletleri üzerindeki etkisi ne olmuştur?,"Uygurlar, kendilerinden sonra kurulan Türk devletlerini etkilemişlerdir. Uygur mimarisi ve minyatürleri bu devletler tarafından örnek alınmıştır.",Yansıtıcı,54
Uygurlara ait destanlar hangileridir?,Göç ve Türeyiş destanları Uygurlara aittir.,Olgusal,54
Uygurlar hangi takvimi kullanmışlardır?,"Uygurlar, Asya Hun ve Göktürk devletleri gibi on iki hayvanlı Türk takvimini kullanmışlardır.",Olgusal,54
Uygurların kâğıtları Çin kâğıdından nasıl farklıydı?,"Uygurların kitapları kâğıt üzerine yazılıp basılıyordu ve bu, Çin kâğıdından farklıydı. Uygurların kendi kâğıt imalathaneleri bulunmaktaydı.",Analitik,54
Uygurların baskı tekniği nasıldı?,"Uygurlar, Çinlilerin blok baskı tekniğinden farklı olarak sert ağaçtan tek tek hareketli Uygur harfleri ile kitap basmışlardır.",Yöntemsel,54
Uygurlar hangi tarım ürünlerini yetiştiriyorlardı?,"Uygur Türkleri arpa, buğday ve fasulye yetiştiriyorlardı.",Listeleme,54
Uygurlar tarımda kullandıkları aletleri hangi malzemelerden yapıyorlardı?,"Uygur Türkleri ağaçtan, demirden ve kemikten ziraat aletleri kullanıyorlardı.",Olgusal,54
Çinliler Uygurlardan ne öğrenmişlerdir?,"Çinliler, Uygurlara ait Turfan bölgesine gönderdikleri adamlarından şeker imal etmeyi öğrenmişlerdir.",Olgusal,54
Uygurların el sanatları alanındaki gelişimi nasıldı?,"Uygur Türklerinde el sanatları da çok gelişmişti. Altın, gümüş, demir ve mermerden silah ve ziynet eşyaları yapmışlardır.",Kavramsal,54
Uygur minyatürlerindeki tipik yüz özellikleri nelerdir?,"Uygur minyatürlerinde canlandırılan uzun saçlı, dolgun yanaklı, ufak ağızlı, çekik gözlü ve kaslı yüz Uygur tipi olarak tarihe geçmiştir.",Olgusal,54
"Uygur tipi, hangi sanat dallarında yinelenmiştir?","Uygur tipi, İslam sanatı içinde çini, seramik ve minyatürlerde yinelenmiştir.",Yansıtıcı,54
Bu etkinlikte hangi Türk devletlerinin özellikleri karşılaştırılmaktadır?,"Asya Hun, Göktürk ve Uygur devletlerinin siyasal, ekonomik ve kültürel özellikleri karşılaştırılmaktadır.",Olgusal,55
Balık kılçığı diyagramı bu etkinlikte ne için kullanılmaktadır?,"Balık kılçığı diyagramı, Asya Hun, Göktürk ve Uygur devletlerinin benzerliklerini ve farklılıklarını görsel olarak organize etmek için kullanılmaktadır.",Kavramsal,55
Etkinlikte karşılaştırılan özellikler nelerdir?,"Etkinlikte Asya Hun, Göktürk ve Uygur devletlerinin siyasal, ekonomik ve kültürel özellikleri karşılaştırılmaktadır.",Olgusal,55
Tarih şeridine ne yazılması istenmektedir?,"Tarih şeridine, metinde tanıtılan Türk devletlerinin tarihlerindeki önemli olaylar yazılması istenmektedir.",Olgusal,55
Bu etkinliğin amacı nedir?,"Bu etkinliğin amacı, öğrencilerin Asya Hun, Göktürk ve Uygur devletlerinin özelliklerini karşılaştırarak benzerliklerini ve farklılıklarını anlamalarını sağlamaktır.",Kavramsal,55
Siyasal özelliklerin karşılaştırılmasından ne anlaşılmalıdır?,"Siyasal özelliklerin karşılaştırılmasından, bu devletlerin yönetim biçimleri, hükümdarları, devlet teşkilatları gibi konularındaki benzerlik ve farklılıkların incelenmesi anlaşılmalıdır.",Analitik,55
Ekonomik özelliklerin karşılaştırılması neleri içerebilir?,"Ekonomik özelliklerin karşılaştırılması, bu devletlerin geçim kaynakları, ticaret faaliyetleri, tarım, hayvancılık gibi ekonomik faaliyetlerindeki benzerlik ve farklılıkları içerebilir.",Analitik,55
Kültürel özelliklerin karşılaştırılması hangi unsurları kapsar?,"Kültürel özelliklerin karşılaştırılması, bu devletlerin dil, din, sanat, edebiyat, gelenek ve görenekler gibi kültürel unsurlarındaki benzerlik ve farklılıkları kapsar.",Analitik,55
Balık kılçığı diyagramı yerine başka hangi görselleştirme yöntemleri kullanılabilirdi?,"Balık kılçığı diyagramı yerine Venn diyagramı, tablo veya zihin haritası gibi farklı görselleştirme yöntemleri de kullanılabilirdi.",Varsayımsal,55
"Bu etkinlik, öğrencilerin hangi becerilerini geliştirmeye yöneliktir?","Bu etkinlik, öğrencilerin karşılaştırma, analiz etme, sentezleme ve bilgiyi görsel olarak organize etme gibi becerilerini geliştirmeye yöneliktir.",Yansıtıcı,55
"Asya Hun, Göktürk ve Uygurların siyasi yapıları arasındaki temel benzerlikler nelerdi?","Asya Hun, Göktürk ve Uygurların siyasi yapıları arasındaki temel benzerlikler arasında merkeziyetçi bir yönetim anlayışı, hükümdarın otoritesi ve töreye dayalı bir hukuk sistemi sayılabilir.",Listeleme,55
Bu üç Türk devletinin ekonomik faaliyetleri arasındaki en belirgin farklılık neydi?,"Bu üç Türk devletinin ekonomik faaliyetleri arasındaki en belirgin farklılık, yerleşik hayata geçişle birlikte Uygurların tarım faaliyetlerine ağırlık vermesidir. Asya Hun ve Göktürkler daha çok göçebe hayvancılıkla uğraşmışlardır.",Analitik,55
Uygurların kültürel olarak diğer iki devletten ayrılan temel özellikleri nelerdi?,"Uygurların kültürel olarak diğer iki devletten ayrılan temel özellikleri arasında Maniheizm dinini benimsemeleri, yerleşik hayata geçmeleri ve gelişmiş bir yazı sistemi kullanmaları sayılabilir.",Listeleme,55
Bu etkinlikte tarih şeridinin amacı nedir?,"Bu etkinlikte tarih şeridinin amacı, öğrencilerin Asya Hun, Göktürk ve Uygur devletlerinin kronolojik sıralamasını ve önemli olaylarını görsel olarak anlamalarını sağlamaktır.",Kavramsal,55
Bu etkinliğin sonunda öğrencilerin hangi kazanımlara sahip olması beklenir?,"Bu etkinliğin sonunda öğrencilerin Asya Hun, Göktürk ve Uygur devletlerinin siyasi, ekonomik ve kültürel özelliklerini karşılaştırarak benzerlik ve farklılıklarını ayırt edebilmeleri, bu devletlerin tarihlerindeki önemli olayları kronolojik olarak sıralayabilmeleri ve Türk tarihine dair genel bir anlayış geliştirmeleri beklenir.",Yansıtıcı,55
